Temperature,198,199,200,201,202,203,204,205,206,207,208,209,210,211,212,213,214,215,216,217,218,219,220,221,222,223,224,225,226,227,228,229,230,231,232,233,234,235,236,237,238,239,240,241,242,243,244,245,246,247,248,249,250,251,252,253,254,255,256,257,258,259,260
20,-5.57562,-5.14327,-4.85193,-4.34345,-4.96286,-5.23461,-5.15041,-6.28817,-6.04779,-6.74143,-7.28588,-7.89505,-8.34373,-8.80983,-9.67493,-10.1799,-10.1391,-10.3735,-10.6276,-10.2087,-10.1259,-9.45209,-8.58706,-7.84975,-6.93597,-6.15147,-5.51021,-4.94056,-4.69006,-4.49582,-4.11239,-4.40927,-4.26884,-4.30374,-4.49395,-4.53938,-4.58922,-4.66732,-4.53737,-4.50609,-4.03424,-4.17564,-3.97278,-3.8462,-3.4462,-3.12947,-2.99496,-2.90731,-2.85283,-2.61121,-2.5538,-2.65354,-2.32444,-2.26166,-2.31717,-2.10054,-2.21574,-2.23794,-2.23718,-2.14869,-2.00989,-1.9594,-2.05754
21,-5.50128,-4.98361,-5.09163,-5.21452,-4.61884,-5.03386,-4.97355,-5.33252,-5.95769,-6.36343,-7.60395,-7.89651,-8.49286,-9.09877,-9.55587,-9.93447,-10.5267,-10.4868,-10.6935,-10.1552,-10.0861,-9.66442,-8.80202,-8.0021,-6.79708,-6.09967,-5.53703,-4.97706,-4.35579,-4.57826,-4.5396,-4.2561,-4.40033,-4.29715,-4.56585,-4.58803,-4.49775,-4.63499,-4.39179,-4.3316,-4.35752,-4.10573,-3.7523,-3.49295,-3.30844,-3.16548,-2.98205,-2.81091,-2.5533,-2.79349,-2.67542,-2.38458,-2.31064,-2.53585,-2.61528,-2.17702,-2.40853,-2.12451,-2.29368,-2.08672,-1.98751,-2.18312,-1.96369
22,-6.51915,-5.34402,-5.27082,-5.12528,-5.42174,-5.27979,-5.17128,-5.22068,-5.814,-6.68342,-7.28358,-7.98366,-8.8159,-9.15613,-9.86303,-10.2847,-10.4527,-10.6522,-10.9234,-10.6152,-10.0365,-9.66808,-8.71846,-7.85755,-6.74747,-6.05792,-5.45413,-4.90095,-4.79137,-4.55748,-4.23191,-3.92997,-4.4379,-4.60793,-4.51237,-4.26176,-4.6929,-4.61161,-4.49398,-4.30525,-4.22265,-3.95961,-3.78596,-3.65573,-3.43385,-3.29709,-3.0435,-2.90428,-2.56685,-2.66452,-2.59759,-2.47867,-2.26367,-2.25931,-2.51051,-2.30863,-2.1373,-2.13588,-2.0847,-2.12432,-2.0283,-2.11521,-2.07372
23,-5.75682,-5.46557,-5.6395,-5.15474,-5.01214,-4.50716,-5.42728,-5.11809,-6.22257,-6.74628,-6.99282,-7.65196,-8.3431,-9.26718,-9.47366,-9.8228,-10.2031,-10.5039,-10.4756,-10.6197,-10.1318,-9.48502,-8.51779,-7.83768,-6.8276,-5.98123,-5.35312,-4.90855,-4.65581,-4.33296,-4.40846,-4.38422,-4.07248,-4.61021,-4.41733,-4.92752,-4.52719,-4.55372,-4.53142,-4.3055,-4.1717,-4.07462,-3.9312,-3.58197,-3.38366,-3.14198,-3.0548,-2.85501,-2.63067,-2.74073,-2.22126,-2.61734,-2.47817,-2.22092,-2.31349,-2.35316,-2.0411,-2.40542,-2.17602,-2.02219,-2.07008,-2.13705,-2.17103
24,-5.73908,-5.38059,-5.22111,-4.98986,-4.77092,-4.93266,-5.33806,-5.40116,-5.97429,-6.43566,-7.41023,-7.91751,-8.48426,-9.28671,-9.73386,-10.385,-10.531,-10.5748,-10.7522,-10.6671,-10.0332,-9.44989,-8.87574,-7.75916,-6.87685,-6.07665,-5.35213,-4.93308,-4.7346,-4.5287,-4.2043,-4.16089,-4.38239,-4.37214,-4.43799,-4.67322,-4.50934,-4.48291,-4.57901,-4.4106,-4.24308,-4.13027,-3.88836,-3.75548,-3.54942,-3.33264,-2.96647,-2.68989,-2.88112,-2.82401,-2.68408,-2.40048,-2.38084,-2.66859,-2.26157,-2.36746,-2.19298,-2.30964,-2.24379,-2.27242,-2.13696,-2.14343,-2.21545
25,-6.17974,-6.54716,-5.60343,-4.61547,-5.01162,-5.64332,-5.3674,-5.79373,-6.03111,-6.40878,-7.24297,-7.67008,-8.37044,-8.9327,-9.53603,-10.0647,-10.3629,-10.5606,-10.9202,-10.6887,-10.0571,-9.65018,-8.95251,-7.97905,-6.93915,-6.06113,-5.77108,-4.89162,-4.72006,-4.20937,-4.55871,-4.17066,-4.43342,-4.50451,-4.37082,-4.55935,-4.44092,-4.4761,-4.52307,-4.4543,-4.38239,-3.86054,-3.80441,-3.78283,-3.32924,-3.26727,-3.00037,-3.05184,-2.79154,-2.66497,-2.52612,-2.5708,-2.39909,-2.28942,-2.51366,-2.1725,-2.34205,-2.41997,-1.98528,-2.32794,-2.14578,-2.15717,-2.14111
26,-6.52688,-5.26856,-5.40301,-5.45678,-5.48479,-5.18805,-4.97626,-5.43998,-6.12151,-6.8662,-7.11238,-8.02472,-8.61361,-9.24979,-9.87611,-10.2467,-10.351,-10.6668,-10.3883,-10.4125,-10.0246,-9.40589,-8.68881,-7.96266,-6.79585,-6.32821,-5.43423,-5.01867,-4.79952,-4.43677,-4.21742,-4.54003,-4.29511,-4.59669,-4.6437,-4.48604,-4.70829,-4.60141,-4.7154,-4.34592,-4.29859,-4.09445,-3.90022,-3.62585,-3.61744,-3.28956,-3.01665,-2.96586,-2.6953,-2.73711,-2.71373,-2.51895,-2.47957,-2.39647,-2.28669,-2.45744,-2.34258,-2.34731,-2.37901,-2.33058,-2.20517,-2.30584,-2.17147
27,-7.16925,-5.83766,-5.46909,-5.91828,-5.89777,-5.47638,-5.12443,-5.61187,-6.58945,-6.70641,-7.43054,-8.10063,-8.11267,-9.56431,-9.67847,-9.86593,-10.3929,-11.0245,-10.9281,-10.6485,-10.0256,-9.63101,-9.01498,-7.85562,-6.89115,-6.29024,-5.62114,-5.00958,-4.77998,-4.57618,-4.38142,-4.46365,-4.44684,-4.738,-4.50239,-4.46242,-4.6482,-4.70158,-4.89486,-4.44846,-4.25389,-4.09582,-3.95403,-3.54682,-3.249,-3.33933,-3.00633,-3.1034,-2.85712,-2.84259,-2.56299,-2.52488,-2.36721,-2.45523,-2.3137,-2.3956,-2.59797,-2.29218,-2.35338,-2.24808,-2.37029,-2.28778,-2.40232
28,-6.11509,-6.61046,-6.03226,-5.95525,-5.96789,-6.22176,-5.06355,-6.42495,-6.03875,-6.50008,-7.25555,-7.97815,-8.24395,-9.10036,-9.65094,-10.3662,-10.2017,-10.7013,-10.6643,-10.5714,-10.1052,-9.44829,-8.90796,-8.09058,-7.17153,-6.44755,-5.57136,-5.17788,-4.67694,-4.59103,-4.39225,-4.18617,-4.43402,-4.55925,-4.80572,-4.90634,-4.61308,-4.51579,-4.59256,-4.5728,-4.42659,-4.18715,-4.01677,-3.87222,-3.59413,-3.34495,-3.05097,-3.02908,-2.72479,-2.81018,-2.78905,-2.39366,-2.48801,-2.42342,-2.19067,-2.61268,-2.41639,-2.52207,-2.2993,-2.31336,-2.38061,-2.23638,-2.16126
29,-7.9412,-6.04386,-5.15098,-5.96388,-5.84114,-5.26293,-5.25433,-5.77866,-6.06086,-6.64075,-7.49953,-7.95629,-8.15151,-9.18697,-9.77417,-10.3234,-10.4398,-10.4286,-10.7759,-10.5459,-10.2639,-9.74819,-9.03043,-7.81035,-6.99068,-6.10471,-5.91422,-5.33494,-4.81416,-4.84728,-4.55046,-4.36808,-4.82767,-4.2791,-4.58553,-4.64637,-4.70606,-4.57212,-4.61548,-4.58392,-4.07668,-3.94513,-3.92008,-3.67787,-3.3809,-3.35525,-3.10051,-3.02739,-2.84422,-2.69221,-2.5245,-2.61188,-2.34,-2.3647,-2.32621,-2.41275,-2.25378,-2.45756,-2.43363,-2.27452,-2.09803,-2.12017,-2.44136
30,-6.36358,-6.56208,-6.35221,-5.42346,-5.63397,-5.27087,-5.38312,-6.20966,-6.2545,-6.4192,-7.11736,-7.97222,-8.79582,-9.00276,-9.38136,-10.0595,-10.1692,-10.631,-10.5047,-10.6648,-10.0411,-9.62831,-8.96773,-8.1032,-7.12614,-6.28086,-5.55131,-5.26673,-4.76069,-4.61329,-4.50897,-4.29803,-4.45887,-4.35303,-4.60667,-4.59935,-4.80508,-4.73758,-4.66841,-4.41587,-4.27086,-3.97819,-3.75558,-3.66948,-3.50839,-3.28155,-3.10039,-2.98102,-2.88072,-2.89691,-2.69623,-2.65437,-2.51284,-2.61128,-2.339,-2.42274,-2.35594,-2.44429,-2.50116,-2.4682,-2.52776,-2.07684,-2.2447
31,-8.13743,-6.21646,-5.84699,-6.20959,-5.26685,-5.15651,-5.22586,-5.94224,-6.37555,-6.58768,-7.51578,-7.53808,-8.44134,-9.34404,-9.7474,-10.4532,-10.4892,-10.9078,-10.6695,-10.5935,-10.0718,-9.52633,-8.95434,-8.03411,-6.92815,-6.06466,-5.62864,-5.43573,-4.83942,-4.57184,-4.66248,-4.70587,-4.49764,-4.35242,-4.50157,-4.56427,-4.68422,-4.50658,-4.65102,-4.32458,-4.27665,-4.17304,-4.04974,-3.81742,-3.55367,-3.30439,-3.13775,-3.09126,-2.90708,-2.89837,-2.78106,-2.80369,-2.62067,-2.59438,-2.60253,-2.50479,-2.40302,-2.58121,-2.52487,-2.38457,-2.32048,-2.4424,-2.23166
32,-6.29902,-5.98507,-5.65317,-6.41635,-5.80581,-6.04327,-5.84442,-5.73754,-6.03033,-6.65581,-7.44046,-7.86829,-8.67493,-8.93071,-9.6825,-10.4206,-10.5702,-10.9856,-10.8634,-10.5398,-10.1773,-9.80321,-8.83984,-7.90421,-7.0748,-6.7328,-5.76965,-5.35388,-5.0318,-4.5656,-4.40413,-4.32369,-4.26154,-4.6125,-4.53692,-4.79358,-4.72142,-4.73502,-4.68912,-4.46735,-4.53752,-4.11263,-4.07197,-3.58642,-3.67976,-3.38138,-3.3977,-3.21024,-2.90235,-2.72954,-2.70078,-2.67737,-2.4585,-2.58363,-2.41566,-2.5636,-2.61916,-2.52577,-2.57609,-2.43173,-2.29139,-2.32676,-2.19566
33,-7.44035,-5.69006,-5.95676,-4.82043,-5.09873,-5.30659,-5.37617,-6.00327,-6.43753,-6.76674,-7.23145,-7.27553,-8.60877,-9.1289,-9.72985,-10.2467,-10.4685,-10.9865,-10.7219,-10.6899,-10.0835,-9.64305,-8.91582,-8.08558,-6.96085,-6.44111,-5.60218,-5.05989,-4.93067,-4.8456,-4.46426,-4.34513,-4.56742,-4.58819,-4.65498,-4.66819,-4.78451,-4.84267,-4.7904,-4.53619,-4.46239,-4.20891,-3.85031,-3.81454,-3.66087,-3.44259,-2.95917,-3.18122,-2.85099,-2.93672,-2.64541,-2.80539,-2.64333,-2.65557,-2.6993,-2.48138,-2.50343,-2.42276,-2.46308,-2.26651,-2.28921,-2.50142,-2.34415
34,-6.24889,-5.31361,-6.37438,-4.79373,-5.68961,-5.68306,-4.52074,-5.74464,-5.97647,-6.95726,-7.0957,-7.77712,-8.75033,-9.31897,-9.66859,-10.2438,-10.1819,-10.7161,-10.7696,-10.8099,-10.1016,-9.42281,-8.76974,-8.26385,-7.08281,-6.32328,-6.03952,-5.30631,-4.95497,-4.857,-4.76704,-4.52677,-4.60328,-4.59364,-4.41963,-4.66237,-4.59739,-4.60119,-4.70806,-4.53137,-4.39412,-4.02379,-4.0471,-3.78873,-3.54482,-3.45936,-3.18529,-2.97427,-2.94478,-2.97255,-2.77455,-2.7297,-2.45987,-2.71191,-2.34246,-2.51458,-2.41736,-2.40929,-2.48351,-2.36869,-2.27293,-2.36576,-2.26296
35,-7.76031,-5.76891,-5.2483,-5.50778,-5.84037,-5.61933,-5.21669,-6.06603,-6.11548,-6.80331,-7.37263,-7.77408,-8.8872,-9.18659,-9.72316,-10.0402,-10.3677,-10.5187,-10.681,-10.5791,-10.0617,-9.7753,-8.72709,-8.14757,-7.36504,-6.3597,-5.80183,-5.31989,-4.86344,-4.51428,-4.52146,-4.39802,-4.39577,-4.42144,-4.61488,-4.7308,-4.72168,-4.74371,-4.50022,-4.59817,-4.46044,-4.15611,-3.82403,-3.7594,-3.61462,-3.21046,-3.23893,-2.95299,-3.02696,-3.00513,-2.68678,-2.68458,-2.62117,-2.61277,-2.19728,-2.56382,-2.4231,-2.55694,-2.48267,-2.33286,-2.37045,-2.11329,-2.31967
36,-7.10844,-6.39583,-5.38053,-5.3909,-5.62754,-5.28731,-5.67905,-5.63054,-5.95828,-6.57643,-7.02271,-7.8713,-8.68441,-9.4363,-9.59498,-10.1282,-10.2638,-10.7642,-10.7159,-10.7414,-10.1088,-9.90185,-8.58677,-8.00883,-7.05251,-6.12262,-5.62482,-5.16336,-4.89865,-4.56123,-4.48933,-4.46133,-4.49728,-4.73881,-4.77695,-4.78886,-4.86668,-4.61277,-4.6345,-4.47748,-4.25282,-4.03455,-3.94348,-3.71934,-3.48438,-3.40619,-3.23643,-3.05231,-2.89091,-2.83944,-2.61798,-2.66652,-2.76376,-2.59725,-2.47909,-2.70167,-2.47313,-2.39605,-2.23819,-2.27785,-2.31321,-2.43149,-2.20284
37,-6.92777,-6.9557,-6.15998,-5.83851,-5.54859,-5.76324,-5.56114,-6.13372,-6.5836,-6.97881,-7.32744,-8.00072,-8.77175,-9.30978,-9.43526,-9.79195,-10.2673,-10.9705,-11.0497,-10.8422,-10.2455,-9.83806,-9.18303,-7.87592,-7.36689,-6.72649,-5.86793,-5.17832,-5.10735,-4.86646,-4.56348,-4.39242,-4.54076,-4.64333,-4.53433,-4.73817,-4.55767,-4.6395,-4.73853,-4.6691,-4.61492,-4.34377,-4.05917,-3.9524,-3.68087,-3.24663,-3.3723,-3.08952,-2.85841,-2.82317,-2.74355,-2.52839,-2.67098,-2.59009,-2.60647,-2.51632,-2.6083,-2.69182,-2.5218,-2.1971,-2.25089,-2.23369,-2.30693
38,-7.45967,-7.3555,-6.62665,-5.85094,-5.73305,-5.85291,-5.68363,-5.68804,-6.36212,-6.90072,-6.99558,-7.82616,-8.68678,-9.01092,-9.59488,-10.3481,-10.514,-11.0477,-10.8531,-10.5811,-10.4267,-9.65483,-8.85322,-8.0776,-7.37087,-6.32545,-5.43526,-5.10576,-4.69224,-5.06676,-4.50169,-4.41083,-4.54581,-4.60623,-4.78168,-4.58968,-4.99278,-4.93236,-4.64143,-4.50488,-4.48807,-4.33694,-4.02198,-3.72715,-3.56972,-3.45519,-3.23578,-3.14574,-2.92837,-2.93627,-2.74472,-2.78862,-2.43888,-2.53671,-2.57378,-2.6343,-2.60673,-2.57487,-2.58091,-2.45735,-2.36979,-2.38208,-2.54206
39,-7.62388,-6.72654,-6.64765,-6.46999,-5.65399,-5.76883,-5.19796,-6.01829,-6.76665,-6.85205,-7.02659,-7.98535,-8.26172,-9.10674,-9.73308,-9.93447,-10.6812,-10.888,-10.8594,-10.7538,-10.0676,-9.67568,-8.86858,-8.15722,-7.16102,-6.45709,-5.63992,-5.39322,-4.76898,-4.56619,-4.7734,-4.51202,-4.32809,-4.53829,-4.6936,-4.68443,-4.71158,-4.81876,-4.5268,-4.45292,-4.55281,-4.14147,-3.98384,-3.74932,-3.61276,-3.10682,-3.34631,-3.06947,-3.02373,-2.79727,-2.69956,-2.90211,-2.63503,-2.52389,-2.61067,-2.73263,-2.23487,-2.49716,-2.53673,-2.26046,-2.32895,-2.40066,-2.13344
40,-7.3969,-6.62521,-5.52682,-5.62186,-4.65681,-5.81391,-5.43387,-5.68713,-6.07052,-7.10497,-7.38092,-7.82066,-8.37531,-9.17768,-9.26954,-10.005,-10.4237,-10.6028,-10.9191,-10.4998,-9.94924,-9.61563,-9.08131,-7.67755,-7.12613,-6.18579,-5.66684,-5.28849,-4.94044,-4.79199,-4.50591,-4.68512,-4.5291,-4.64688,-4.71528,-4.76336,-4.83446,-4.59439,-4.82644,-4.59438,-4.32445,-4.1733,-4.04183,-3.86271,-3.58401,-3.42636,-3.17394,-3.04476,-2.98919,-2.92453,-2.77285,-2.70043,-2.55928,-2.73318,-2.30604,-2.61586,-2.55899,-2.28203,-2.55722,-2.20661,-2.27296,-2.29849,-2.29747
41,-7.64645,-7.2387,-6.11067,-6.53502,-5.81126,-5.28806,-5.32802,-5.54708,-6.4277,-6.62391,-7.06912,-7.84936,-8.43266,-8.97645,-9.57587,-10.1141,-10.1549,-10.6102,-10.742,-10.9303,-10.0572,-9.63471,-8.98837,-8.05216,-7.36021,-6.71896,-5.53409,-5.33508,-5.17569,-4.90077,-4.61437,-4.41264,-4.66222,-4.57345,-4.68847,-4.82057,-4.83546,-4.8026,-4.80031,-4.64971,-4.15734,-4.27982,-4.14925,-3.66032,-3.72605,-3.3243,-3.33551,-2.8384,-2.9686,-2.84141,-2.59157,-2.80423,-2.53405,-2.65441,-2.60004,-2.49577,-2.56165,-2.52604,-2.45301,-2.24423,-2.26539,-2.2843,-2.39285
42,-7.63788,-6.69142,-6.24119,-5.88848,-5.45613,-5.27359,-5.47035,-5.96465,-6.39868,-6.51577,-7.42104,-7.75842,-8.53436,-9.14899,-9.6398,-10.0773,-10.2937,-10.8177,-10.6444,-10.621,-10.3834,-9.56233,-9.15096,-8.24262,-7.17389,-6.33324,-5.74503,-5.46643,-4.92829,-4.61821,-4.49488,-4.67486,-4.5084,-4.6212,-4.69925,-4.51261,-4.53074,-4.6549,-4.66822,-4.67894,-4.18235,-4.24905,-4.0435,-3.83974,-3.68554,-3.41863,-3.30756,-2.88416,-2.89798,-2.77478,-2.85773,-2.55879,-2.44814,-2.40245,-2.36041,-2.31615,-2.47433,-2.48598,-2.2812,-2.31617,-2.40775,-2.33567,-2.37532
43,-8.77796,-6.71726,-5.88831,-5.08044,-5.68506,-4.63593,-5.0226,-6.36899,-5.93502,-6.73259,-7.27057,-7.54756,-8.43766,-9.17646,-9.5005,-10.2662,-10.7024,-10.7673,-10.9489,-10.7833,-10.1498,-9.77838,-8.75993,-8.17034,-6.93897,-6.50138,-5.85948,-5.45256,-5.04263,-4.63408,-4.53574,-4.90718,-4.69778,-4.69267,-4.55851,-4.77043,-5.02756,-4.75337,-4.85376,-4.62502,-4.38778,-4.11536,-3.88411,-3.70965,-3.48785,-3.5849,-2.93406,-2.89657,-2.75096,-2.79598,-2.77835,-2.72093,-2.7544,-2.34072,-2.31231,-2.30194,-2.40973,-2.32962,-2.45304,-2.61119,-2.50408,-2.10222,-2.49995
44,-7.90162,-6.28113,-5.744,-5.94309,-5.88593,-5.46774,-5.86739,-5.77829,-6.38201,-6.71993,-7.2233,-7.91736,-8.33784,-9.07032,-9.68412,-10.168,-10.5287,-10.7792,-10.3179,-10.765,-10.2439,-10.0032,-8.93641,-8.25061,-7.43922,-6.35394,-5.82783,-5.38173,-5.12406,-4.74653,-4.56752,-4.5846,-4.66732,-4.59478,-4.51308,-4.81439,-4.7626,-4.8527,-4.70473,-4.43454,-4.33688,-4.14445,-3.89797,-3.71425,-3.47325,-3.53835,-2.84671,-3.02441,-3.05622,-2.65687,-2.56179,-2.43901,-2.49049,-2.40136,-2.46083,-2.43324,-2.47427,-2.26633,-2.39616,-2.21948,-2.38944,-2.25227,-2.15455
45,-7.4589,-6.901,-6.03711,-5.72604,-4.8196,-5.23853,-5.11868,-5.40366,-6.29414,-6.45309,-7.07806,-8.01372,-8.09819,-9.52003,-9.60636,-10.2527,-10.7609,-10.6796,-10.9076,-10.5769,-10.5163,-9.75494,-8.83373,-8.16441,-7.13407,-6.26972,-5.80976,-5.50282,-4.80732,-4.71008,-4.76233,-4.56995,-4.84068,-4.65481,-4.79286,-4.68096,-4.45882,-4.90292,-4.67171,-4.73794,-4.51151,-4.38019,-3.88415,-3.66756,-3.36306,-3.42176,-3.23414,-2.89831,-2.88993,-2.78819,-2.70667,-2.44693,-2.38282,-2.57023,-2.49914,-2.76353,-2.49786,-2.37304,-2.43317,-2.34557,-2.37957,-2.33206,-2.39197
46,-9.54842,-7.38625,-6.75785,-5.50042,-4.83158,-5.89654,-5.51428,-5.71546,-6.06415,-5.96659,-7.04892,-7.37384,-8.56873,-9.26339,-10.089,-10.1851,-10.6163,-10.7878,-10.9142,-10.5965,-10.2112,-9.61129,-8.9305,-8.3089,-7.33286,-6.28041,-5.88761,-5.25264,-5.16087,-4.77029,-4.50566,-4.59853,-4.31675,-4.47381,-4.68825,-4.64145,-4.87461,-4.89859,-4.85306,-4.53926,-4.47198,-4.10857,-4.11455,-3.63021,-3.59173,-3.36824,-3.16969,-3.00026,-2.80089,-2.55331,-2.60517,-2.64243,-2.42767,-2.53103,-2.35736,-2.35335,-2.33464,-2.33867,-2.27938,-2.10342,-2.23244,-2.33564,-2.58218
47,-8.7362,-9.34027,-6.08818,-5.28254,-4.73065,-5.60188,-5.20369,-5.76199,-5.78248,-6.52981,-6.98899,-7.97602,-8.64953,-9.50956,-9.69776,-10.4435,-10.4524,-10.8051,-10.9429,-10.8286,-10.5745,-9.69042,-9.19977,-8.21716,-7.21094,-6.5509,-5.79804,-5.14358,-5.08421,-5.0336,-4.53524,-4.55477,-4.49494,-4.74169,-4.71891,-4.9018,-4.62248,-4.78181,-4.5679,-4.46348,-4.23946,-4.37235,-4.08338,-3.75552,-3.48392,-3.30674,-3.17551,-2.99221,-2.88155,-2.76209,-2.81058,-2.76917,-2.37518,-2.39962,-2.47911,-2.38868,-2.49152,-2.6259,-2.07095,-2.38796,-2.27262,-2.13715,-2.16713
48,-8.8708,-7.6878,-6.72027,-6.03869,-5.74674,-5.85441,-5.71975,-5.44898,-5.76683,-6.62459,-7.42548,-7.98437,-8.62023,-9.42833,-9.90811,-10.0416,-10.9619,-11.082,-10.8344,-10.9469,-10.5361,-9.93504,-9.14103,-8.40138,-7.4567,-6.35331,-5.76032,-5.36123,-5.00462,-4.81272,-4.66114,-4.65453,-4.57972,-4.5861,-4.67238,-4.60432,-4.58393,-4.80763,-4.69946,-4.60135,-4.48781,-4.1661,-4.0172,-3.79096,-3.45214,-3.24594,-3.15841,-3.0382,-2.9447,-2.76093,-2.75089,-2.66059,-2.69875,-2.63668,-2.51606,-2.34985,-2.68417,-2.20046,-2.23045,-2.28188,-2.31846,-2.41315,-2.14045
49,-8.07062,-6.78254,-5.66309,-5.07123,-5.85084,-5.70826,-6.01672,-5.7887,-5.89261,-6.3127,-7.01518,-7.73665,-8.081,-9.26342,-9.59732,-10.3439,-10.609,-10.6694,-11.1738,-10.99,-10.5205,-9.84616,-9.18914,-8.28062,-7.29704,-6.55461,-5.94481,-5.53266,-5.00781,-4.72411,-4.93138,-4.519,-4.5025,-4.56165,-4.81039,-4.68178,-4.80705,-4.6816,-4.77689,-4.52505,-4.37497,-4.19729,-4.00238,-3.64154,-3.79383,-3.39614,-3.12668,-3.09273,-2.80312,-2.86168,-2.77118,-2.61054,-2.65301,-2.39044,-2.46745,-2.57188,-2.48542,-2.49114,-2.40868,-2.23929,-2.34638,-2.27106,-2.23991
50,-9.97073,-7.82598,-6.06567,-5.96395,-5.60536,-5.03169,-5.15612,-5.51249,-6.34879,-6.54486,-7.27558,-8.1288,-8.77541,-9.27202,-9.82926,-9.89462,-10.6025,-10.7729,-11.1925,-10.934,-10.3313,-10.1045,-9.29191,-8.4821,-7.29299,-6.97354,-5.80777,-5.3366,-5.06801,-4.35036,-4.68382,-4.75335,-4.54153,-4.70919,-4.57961,-4.7919,-5.09248,-4.63956,-4.66229,-4.79362,-4.56374,-4.31618,-3.98601,-3.69796,-3.58548,-3.26446,-3.2083,-2.95818,-2.89543,-2.64315,-2.49445,-2.56521,-2.28761,-2.58338,-2.43796,-2.35944,-2.49362,-2.56136,-2.20117,-2.27996,-2.3651,-2.30098,-2.40057
51,-9.67462,-7.39391,-6.83116,-5.07967,-5.30715,-5.73589,-5.50612,-5.52255,-6.0345,-6.4332,-6.71635,-7.2765,-8.66565,-9.39368,-9.85885,-10.1424,-10.1795,-10.8666,-10.9486,-11.0589,-10.5362,-9.7755,-9.26276,-7.96035,-7.05912,-6.56321,-5.97415,-5.5437,-5.08994,-4.86717,-4.40394,-4.49785,-4.4602,-4.58211,-4.30711,-4.741,-4.85205,-4.65559,-4.78907,-4.64086,-4.52058,-4.09377,-3.72199,-3.64749,-3.27343,-3.36213,-3.46201,-3.22703,-2.82619,-2.49525,-2.54811,-2.54909,-2.5101,-2.40273,-2.46363,-2.6333,-2.62118,-2.14041,-2.19929,-2.27629,-2.20042,-2.33365,-2.31519
52,-9.62664,-7.8018,-5.49103,-5.69196,-6.11203,-5.20464,-6.03935,-5.28668,-5.7724,-6.567,-7.22384,-7.77608,-8.381,-8.97718,-9.6341,-10.3071,-10.508,-10.8203,-10.8528,-10.5641,-10.5684,-9.95586,-9.15235,-8.4011,-7.33575,-6.66405,-5.71496,-5.24229,-4.95727,-4.86275,-4.57878,-4.77818,-4.85083,-4.48288,-4.73893,-4.71371,-4.64113,-4.69142,-4.49985,-4.73534,-4.22459,-4.11441,-3.94258,-4.05626,-3.4987,-3.30595,-2.98584,-2.96742,-2.58551,-2.90121,-2.57478,-2.59521,-2.53015,-2.45357,-2.46277,-2.57524,-2.55184,-2.50982,-2.28411,-2.17232,-2.42572,-2.27586,-2.23525
53,-8.04413,-7.362,-6.95276,-6.72369,-6.24694,-5.23763,-5.17699,-5.80787,-5.93696,-6.26322,-7.22031,-7.71235,-8.42732,-8.91954,-9.51332,-10.2741,-10.591,-10.8479,-10.7129,-10.9122,-10.3421,-9.88407,-9.01534,-8.36883,-7.61472,-6.57671,-6.16301,-5.72479,-4.95635,-4.7481,-4.7156,-4.41892,-4.70295,-4.46481,-4.5714,-4.70519,-4.67089,-4.83426,-4.57413,-4.41099,-4.41159,-4.4077,-3.83805,-3.8781,-3.54718,-3.32326,-3.24668,-2.9915,-2.77979,-2.77831,-2.73138,-2.528,-2.4893,-2.49059,-2.47895,-2.56917,-2.34791,-2.22314,-2.22341,-2.21866,-2.21624,-2.10427,-2.22655
54,-10.6462,-7.50818,-6.61738,-6.18616,-5.46242,-5.64723,-5.57052,-5.5307,-5.90975,-6.34506,-6.99448,-7.74573,-8.2068,-9.13281,-9.71033,-10.1965,-10.3362,-10.6757,-10.7272,-10.4986,-10.5918,-9.90077,-9.10926,-8.20495,-7.32733,-6.57454,-5.86174,-5.07297,-5.13308,-4.8079,-4.62897,-4.47323,-4.4306,-4.54452,-4.59849,-4.62945,-4.61377,-4.87552,-4.88819,-4.70694,-4.32058,-4.03422,-3.98664,-3.8099,-3.46835,-3.36242,-3.27747,-2.74053,-2.89224,-2.63715,-2.73776,-2.52233,-2.42169,-2.43017,-2.20945,-2.31232,-2.35105,-2.30328,-2.30577,-2.26615,-2.21042,-2.08911,-2.15153
55,-10.2813,-7.57983,-6.35833,-6.15592,-4.89887,-5.53226,-4.98115,-5.47112,-5.69783,-6.61517,-6.71055,-7.58383,-8.16316,-9.03096,-9.80994,-10.1619,-10.7061,-10.5922,-10.8094,-10.6795,-10.4261,-9.96038,-9.07753,-8.05408,-7.14903,-6.57277,-5.73737,-5.20637,-4.80337,-4.8607,-4.74041,-4.69446,-4.65251,-4.75164,-4.55076,-4.65578,-4.89341,-4.66102,-4.66182,-4.49337,-4.09388,-4.24084,-3.89083,-3.47622,-3.58163,-3.17721,-3.16748,-2.964,-2.87721,-2.668,-2.4993,-2.46727,-2.45382,-2.43868,-2.29947,-2.36954,-2.37577,-2.15241,-2.19017,-2.30952,-2.14577,-2.16125,-2.11679
56,-10.4942,-9.40165,-6.28726,-5.21783,-5.1711,-4.91192,-4.94106,-5.35227,-6.17359,-6.38428,-6.85867,-7.56146,-8.67338,-8.92465,-9.72982,-10.2897,-10.3205,-10.9527,-10.7417,-11.2238,-10.0882,-9.86219,-8.99028,-8.12368,-7.42512,-6.37041,-5.45837,-4.88068,-5.14607,-4.49875,-4.60308,-4.52749,-4.41937,-4.49774,-4.51641,-4.6329,-4.52487,-4.38014,-4.51871,-4.22918,-4.27762,-4.41895,-3.92741,-3.68283,-3.49937,-3.26403,-3.05653,-2.75199,-2.81294,-2.56876,-2.46057,-2.67474,-2.53658,-2.49301,-2.29006,-2.34007,-2.36269,-2.32427,-2.30613,-2.32318,-2.07342,-2.28201,-2.14229
57,-8.8573,-6.39613,-5.52904,-4.94034,-5.36887,-5.04098,-5.26729,-4.85838,-5.75413,-5.98111,-6.92079,-7.35253,-8.13527,-8.78369,-9.4224,-10.093,-10.5265,-10.7422,-10.5769,-10.8215,-10.4309,-9.48854,-8.91345,-8.21216,-7.24866,-6.36302,-5.76294,-5.3604,-5.144,-4.59414,-4.65808,-4.50198,-4.51102,-4.60643,-4.80224,-4.68213,-4.46748,-4.63433,-4.52795,-4.53855,-4.26893,-4.0019,-3.86842,-3.67436,-3.44691,-3.19652,-3.21103,-3.03322,-2.97914,-2.62545,-2.74392,-2.4264,-2.43714,-2.28181,-2.38639,-2.34326,-2.25442,-2.27761,-2.23176,-2.24901,-2.33187,-2.18728,-2.18448
58,-7.26559,-6.94982,-6.25163,-5.3281,-5.14793,-5.1845,-4.86957,-5.61447,-5.61471,-5.86169,-6.60346,-7.19688,-8.09761,-8.65708,-9.17162,-9.76556,-10.2206,-10.7554,-10.5978,-10.5721,-10.3121,-9.48943,-8.90335,-8.33804,-7.23748,-6.5455,-5.77745,-5.29751,-4.90227,-4.42746,-4.70819,-4.48976,-4.24971,-4.59932,-4.60304,-4.55019,-4.71363,-4.53419,-4.48494,-4.34938,-4.14733,-4.30871,-3.78136,-3.58216,-3.36835,-3.12779,-2.98395,-2.92294,-2.78857,-2.55969,-2.6272,-2.62474,-2.31615,-2.46535,-2.43906,-2.1301,-2.26759,-2.27386,-2.2242,-2.22779,-2.18503,-2.13407,-2.05574
59,-7.66893,-4.62079,-4.57272,-4.69944,-5.24386,-5.75203,-5.10785,-5.50498,-5.57512,-5.92959,-6.69611,-7.43588,-8.02382,-8.80051,-8.86416,-9.618,-10.074,-10.4325,-10.322,-10.4625,-10.1128,-9.56987,-8.91161,-8.09133,-7.2575,-6.25978,-6.1511,-5.21872,-4.92592,-4.92922,-4.40533,-4.32799,-4.33498,-4.49634,-4.54298,-4.47403,-4.59653,-4.54258,-4.45239,-4.41949,-4.2798,-3.93936,-3.74497,-3.47109,-3.2546,-3.15722,-2.69709,-2.83256,-2.93593,-2.46433,-2.34595,-2.4112,-2.45446,-2.48395,-2.37285,-2.21433,-2.20855,-2.18491,-2.19994,-2.19931,-1.97154,-2.01417,-2.26386
60,-5.10499,-5.66533,-6.0261,-4.96604,-5.13082,-4.60437,-4.88705,-4.81342,-5.77452,-6.14796,-6.27228,-7.47785,-8.02146,-8.65701,-9.03826,-9.70802,-9.80959,-10.1246,-10.1854,-10.3601,-9.75347,-9.36606,-8.75368,-7.91559,-6.90328,-6.09889,-5.80935,-5.22897,-4.8951,-4.40936,-4.41238,-4.30152,-4.36077,-4.35634,-4.63318,-4.66313,-4.51439,-4.29595,-4.46393,-4.17296,-4.13537,-3.92732,-3.98526,-3.41763,-3.17773,-3.24272,-3.11539,-2.76084,-2.6562,-2.45027,-2.37473,-2.30903,-2.15264,-2.08275,-2.25843,-2.06387,-2.11273,-2.16922,-2.17346,-2.15792,-2.2691,-2.03454,-2.11171
61,-3.82052,-4.16825,-4.97071,-4.74975,-4.55595,-5.11745,-4.90684,-4.89587,-5.48965,-5.54764,-6.78017,-7.19274,-7.59395,-8.80731,-8.72356,-9.24151,-9.9722,-10.1552,-10.1552,-9.89675,-9.69637,-9.22278,-8.63971,-7.90812,-7.06397,-6.67858,-5.55934,-5.12352,-4.80072,-4.55404,-4.43121,-4.30076,-4.38492,-4.37488,-4.35488,-4.48072,-4.48548,-4.26981,-4.30686,-4.38149,-4.1489,-3.90634,-3.58742,-3.54888,-3.18341,-3.04405,-2.95028,-2.7852,-2.57538,-2.4898,-2.40532,-2.19462,-2.16072,-2.06247,-2.26593,-1.9866,-2.16677,-2.24091,-2.03117,-1.96132,-2.02403,-2.05031,-1.96261
62,-2.78648,-3.59909,-3.56703,-4.32575,-4.99941,-3.97923,-4.3954,-5.06917,-5.22546,-6.1302,-6.10675,-6.88518,-7.63221,-8.18142,-8.64989,-9.33167,-9.81842,-10.161,-10.0969,-10.0135,-10.1088,-9.0865,-8.7754,-7.93165,-6.7789,-6.16425,-5.59106,-4.92117,-4.80497,-4.66866,-4.47184,-4.34089,-4.21126,-4.38108,-4.54182,-4.37642,-4.48866,-4.67356,-4.21049,-4.32524,-3.93935,-3.69628,-3.72396,-3.39583,-3.07979,-3.04324,-2.94803,-2.66194,-2.62939,-2.54729,-2.37306,-2.53066,-1.99248,-2.12252,-2.20861,-2.18571,-2.13049,-2.09409,-1.95455,-1.96736,-1.78906,-2.04264,-2.00672
63,-2.06099,-3.56447,-4.75429,-3.77988,-4.55918,-4.39522,-4.07283,-4.92,-5.44244,-5.48479,-6.02507,-6.98148,-7.89177,-8.19411,-8.59998,-9.36742,-9.77863,-10.39,-10.1163,-9.88799,-9.64012,-9.11976,-8.59402,-7.82369,-7.08174,-6.07691,-5.5994,-5.00434,-4.58647,-4.48641,-4.32436,-4.12604,-4.17093,-4.39777,-4.34141,-4.60531,-4.47673,-4.61305,-4.14358,-3.98131,-3.98181,-3.81342,-3.70015,-3.57804,-3.20924,-3.06202,-2.78241,-2.60833,-2.75417,-2.52135,-2.58902,-2.35682,-2.19597,-2.24577,-2.10235,-1.90063,-2.11184,-2.29036,-1.88985,-1.89575,-1.97606,-1.91367,-1.97305
64,1.57073,-2.24674,-3.56351,-3.63215,-3.51493,-4.25457,-4.12328,-4.4922,-5.21769,-5.69538,-6.00798,-6.98558,-7.72757,-7.9253,-8.94477,-9.03712,-9.73369,-10.1199,-10.1255,-9.93063,-9.82872,-9.12985,-8.61508,-7.48671,-7.02035,-5.95554,-5.66406,-5.1406,-4.95654,-4.53454,-4.09544,-4.18112,-4.18571,-4.15063,-4.19117,-4.27179,-4.44608,-4.35187,-4.21584,-4.19138,-4.04291,-3.74118,-3.52423,-3.4552,-3.33009,-2.93013,-2.93361,-2.50031,-2.46348,-2.2831,-2.33585,-2.24651,-2.0802,-2.05576,-2.03192,-2.22657,-2.04839,-2.0396,-1.84167,-1.99409,-1.87461,-1.88722,-1.94928
65,0.994129,-2.34024,-0.966339,-3.20586,-3.40676,-3.69824,-5.04664,-4.7186,-5.08704,-5.65244,-6.41789,-6.9925,-7.66256,-8.27171,-9.07808,-9.28381,-9.45268,-9.89455,-10.2003,-9.5589,-9.72584,-9.19959,-8.35676,-8.13741,-6.80436,-6.12069,-5.57057,-4.88282,-4.43856,-4.57624,-4.39044,-4.22283,-4.38336,-4.44632,-4.18024,-4.23226,-4.50817,-4.27023,-4.07984,-4.18542,-3.98976,-3.8163,-3.72652,-3.50148,-3.27236,-2.92799,-2.75665,-2.47575,-2.44516,-2.35156,-2.27645,-2.18665,-2.13023,-2.10541,-2.03762,-1.92909,-1.89843,-2.09221,-1.97601,-1.72793,-1.81855,-1.71156,-1.85806
66,2.12983,-1.76913,-1.71336,-3.42747,-3.36201,-3.44181,-4.48666,-4.12367,-5.07562,-5.47325,-6.13973,-6.9925,-7.40874,-7.93613,-8.5957,-9.24162,-9.7802,-9.61551,-10.0795,-10.0534,-9.87836,-9.32166,-8.6399,-7.6912,-7.14842,-6.1893,-5.43939,-5.14759,-4.68436,-4.38621,-4.48615,-4.38561,-4.11274,-4.35762,-4.33749,-4.24107,-4.19776,-4.54092,-4.19574,-4.06825,-3.70443,-3.75299,-3.5425,-3.3318,-3.02228,-3.0138,-2.91674,-2.65921,-2.4895,-2.21403,-1.93333,-2.0689,-2.06236,-2.22313,-2.09829,-1.97071,-2.13698,-1.88733,-1.97873,-2.00562,-1.78875,-1.8643,-1.65725
67,2.91114,-1.5682,-1.66399,-2.57103,-2.99447,-3.46474,-4.52116,-4.67182,-5.02794,-5.96031,-6.43966,-6.94508,-7.52928,-7.93481,-8.8057,-9.02947,-9.72469,-9.95195,-10.1471,-9.87778,-10.0674,-9.02047,-8.48487,-7.73404,-6.77236,-6.11325,-5.61698,-5.17201,-4.66917,-4.36992,-4.08918,-4.36572,-3.99934,-4.02818,-4.39139,-4.25782,-4.23902,-4.2605,-4.27815,-4.12967,-4.06924,-3.6793,-3.52796,-3.17419,-3.13685,-2.80658,-2.53279,-2.74924,-2.43294,-2.32304,-2.27817,-1.93286,-2.12443,-2.01299,-2.14076,-2.15331,-2.05072,-2.02233,-1.76915,-1.8743,-1.83449,-1.97188,-1.72904
68,4.20356,-1.45342,-1.5657,-2.63393,-4.06447,-3.50695,-3.70637,-4.83115,-5.2212,-5.4636,-5.76935,-6.71804,-7.26002,-7.97529,-8.66846,-8.85951,-9.65991,-9.63931,-10.2814,-10.0094,-9.60925,-8.88797,-8.60558,-7.78528,-6.95677,-6.11785,-5.68564,-5.05353,-4.64614,-4.46106,-4.30262,-4.19797,-4.19932,-4.07242,-4.07602,-4.2492,-4.44486,-4.13443,-4.265,-4.0425,-4.00924,-3.79913,-3.40698,-3.35244,-3.08323,-2.89809,-2.60056,-2.60891,-2.40875,-2.3742,-2.16941,-2.18892,-2.05612,-2.04569,-1.91696,-1.83632,-1.98525,-1.82479,-2.0505,-1.75568,-1.71695,-1.65747,-1.83145
69,1.98447,-2.43991,-2.3538,-3.62563,-3.36596,-3.47021,-4.71403,-4.78295,-5.13699,-5.51275,-5.87473,-6.66201,-7.56743,-7.55911,-8.49067,-9.27451,-9.58751,-10.0929,-9.89848,-9.76183,-9.45229,-9.20021,-8.56043,-7.83253,-6.87619,-6.22729,-5.57895,-5.45781,-4.99678,-4.43546,-4.51465,-4.2071,-4.38338,-4.35967,-4.38575,-4.36285,-4.20925,-4.15056,-4.26042,-4.17819,-3.9076,-3.57242,-3.79553,-3.33369,-2.97384,-2.87617,-2.65969,-2.50103,-2.51753,-2.50882,-2.22369,-2.11676,-2.11347,-1.96914,-2.04853,-2.02317,-2.00316,-2.03956,-2.00615,-1.887,-1.81848,-1.9324,-1.94328
70,-1.9458,-0.0216289,-3.28864,-3.7309,-4.07135,-4.36703,-5.16902,-4.31076,-4.966,-5.67706,-6.0549,-7.08703,-7.43245,-8.08461,-8.89748,-9.08573,-9.86777,-9.89722,-9.88298,-9.79509,-9.57205,-9.10836,-8.9688,-7.81765,-6.70632,-5.97329,-5.73778,-5.29901,-4.89547,-4.67686,-4.5015,-4.08355,-4.17529,-4.48224,-4.39931,-4.2017,-4.26666,-4.53969,-4.1218,-3.9267,-3.95506,-3.77859,-3.53504,-3.10721,-3.00424,-3.10423,-2.82771,-2.72032,-2.46278,-2.22597,-2.2188,-2.23327,-2.0853,-2.06325,-1.9797,-1.81412,-1.87967,-1.99478,-2.02252,-1.77779,-1.81447,-1.82434,-1.85242
71,-1.58517,-1.36528,-3.04345,-4.62011,-4.05606,-5.03752,-4.25345,-4.85699,-5.52568,-5.86874,-6.26488,-6.49288,-7.96107,-8.3332,-8.60532,-9.51548,-9.36303,-9.88053,-9.97549,-9.66973,-9.26068,-9.21223,-8.54426,-7.7371,-6.92183,-6.00578,-5.65662,-5.00201,-4.95842,-4.62715,-4.32255,-4.36264,-4.28822,-4.22603,-4.2303,-4.16846,-4.38284,-4.2611,-3.97975,-4.1318,-3.89422,-3.77021,-3.73253,-3.31554,-2.93384,-2.86485,-2.79673,-2.61942,-2.18856,-2.31329,-2.14389,-2.0881,-2.01359,-1.94794,-1.89838,-1.85692,-2.10395,-1.6079,-1.9396,-1.81844,-1.84799,-1.74051,-1.76638
72,-1.51732,-3.12406,-3.90404,-3.78514,-4.64868,-4.36241,-4.75257,-4.80322,-5.16293,-5.80545,-5.93395,-6.65063,-7.57553,-8.18612,-8.75569,-9.20319,-9.4894,-9.57337,-9.70715,-9.7971,-9.37887,-9.08342,-8.62892,-7.81707,-7.18498,-6.13084,-5.6239,-5.4122,-4.69229,-4.4855,-4.4558,-4.41581,-4.23686,-4.29314,-4.46019,-4.28266,-4.41045,-4.28853,-4.35257,-4.24463,-4.05501,-3.7817,-3.50976,-3.35054,-3.18097,-2.80067,-2.53447,-2.24044,-2.38264,-2.29423,-2.38789,-2.12805,-1.83204,-2.07666,-2.02665,-1.86955,-1.88916,-2.11063,-1.81935,-1.72824,-1.95453,-1.93026,-1.91972
73,-1.17732,-4.10398,-4.0177,-4.02507,-4.50966,-5.01237,-5.41113,-4.97721,-5.77039,-5.93563,-6.50162,-7.00598,-7.77823,-8.24024,-8.83327,-9.23385,-9.63813,-9.89852,-9.88814,-10.0293,-9.6082,-8.96401,-8.44831,-8.0804,-6.83331,-6.28397,-5.45455,-5.22568,-4.83641,-4.72323,-4.40961,-4.35273,-4.63815,-4.31668,-4.2775,-4.39219,-4.3245,-4.19397,-4.22873,-4.10747,-4.02066,-3.75127,-3.30169,-3.33511,-3.01691,-2.77354,-2.54659,-2.60628,-2.34887,-2.32901,-2.20656,-2.14265,-2.18409,-1.93696,-1.89608,-1.99145,-1.79495,-1.9429,-2.07159,-1.8396,-1.82822,-1.90721,-1.87402
74,-0.343827,-3.17109,-4.0212,-6.54735,-5.08896,-4.97508,-5.01583,-5.94723,-5.9833,-6.52426,-6.25729,-7.05131,-7.67953,-8.34793,-8.97965,-9.38887,-9.62554,-9.85219,-10.0928,-10.1084,-9.67166,-9.06286,-8.35164,-8.03017,-6.69688,-6.30017,-5.86053,-5.3885,-4.92042,-4.92569,-4.54945,-4.5742,-4.38686,-4.41624,-4.3758,-4.30528,-4.26871,-4.23311,-4.21627,-4.07411,-3.88009,-3.61268,-3.35038,-3.17911,-3.10426,-2.78904,-2.67878,-2.41045,-2.47938,-2.56328,-2.38996,-2.0606,-1.96222,-2.00673,-2.19932,-2.00163,-1.98536,-1.86281,-1.88299,-1.78616,-1.6765,-1.79928,-2.01936
75,0.431811,-6.00417,-5.22444,-4.91667,-5.22974,-5.60845,-6.23617,-5.85516,-6.40322,-6.38341,-6.82881,-7.28269,-7.94038,-8.63704,-8.86591,-9.45381,-9.59534,-9.86964,-10.0959,-9.57291,-9.74588,-9.37869,-8.32323,-7.84292,-7.01393,-6.39142,-6.07082,-5.44395,-4.81592,-5.00918,-4.54304,-4.40543,-4.55702,-4.45398,-4.39217,-4.24831,-4.35885,-4.55155,-4.37759,-4.24062,-3.87472,-3.77703,-3.44147,-3.26987,-3.19235,-3.02764,-2.5475,-2.48677,-2.41865,-2.43336,-2.24314,-2.09583,-2.04168,-2.15124,-1.94116,-1.95311,-1.82507,-1.84122,-2.07797,-1.82251,-1.90628,-1.65917,-1.58275
76,-2.68372,-1.53583,-5.52024,-6.28184,-5.42946,-5.68815,-6.2102,-6.43535,-6.25997,-6.79822,-7.03217,-7.4414,-8.36118,-8.58966,-8.68638,-9.18172,-9.44754,-9.90192,-10.1974,-10.1566,-9.49521,-8.96104,-8.88257,-8.16697,-7.23869,-6.76426,-5.99044,-5.4072,-5.20639,-4.76195,-4.67234,-4.60511,-4.51668,-4.64682,-4.53079,-4.48301,-4.41607,-4.14953,-4.171,-4.02739,-3.97235,-3.67206,-3.65176,-3.372,-3.0342,-2.73554,-2.69303,-2.42542,-2.42355,-2.16711,-2.21141,-2.03346,-2.29701,-2.02893,-1.96787,-1.91721,-2.00784,-1.87031,-1.94005,-1.97427,-1.62279,-1.777,-1.67176
77,-0.768266,-7.30592,-5.41459,-6.40008,-7.31759,-6.58304,-6.07116,-6.64619,-6.94434,-6.93633,-7.96486,-7.82239,-8.30156,-8.80087,-9.44918,-9.81794,-9.69587,-10.2352,-9.99628,-10.3734,-9.6552,-9.24807,-9.06425,-7.97987,-7.49839,-6.6944,-5.98269,-5.6226,-5.29083,-5.06205,-4.91002,-4.5221,-4.38119,-4.57897,-4.4032,-4.50718,-4.3854,-4.59446,-4.34333,-4.20795,-3.92797,-3.68948,-3.42017,-3.27179,-3.13403,-2.90356,-2.66809,-2.69431,-2.42946,-2.42222,-2.31962,-2.2192,-1.87709,-2.03105,-2.27634,-1.92041,-1.95852,-1.7595,-1.93657,-1.97865,-2.05267,-1.72548,-1.6835
78,-5.7594,-5.57103,-9.52742,-7.66539,-6.61511,-7.41783,-7.19184,-7.39851,-6.93341,-7.34803,-7.20864,-8.53807,-8.40701,-8.87198,-9.30903,-9.92293,-10.0323,-10.0708,-10.2081,-10.2004,-9.88492,-9.4045,-8.6614,-8.63096,-7.61248,-6.73073,-6.53353,-5.82386,-5.4783,-5.27675,-4.79509,-4.87881,-4.74299,-4.61365,-4.56584,-4.58644,-4.45049,-4.23571,-4.05213,-4.19062,-3.99317,-3.87345,-3.56311,-3.32026,-3.20506,-2.94958,-2.90508,-2.42198,-2.52425,-2.40692,-2.23853,-2.11632,-2.24069,-2.2092,-1.93898,-1.75373,-2.02213,-1.88161,-1.93293,-1.99805,-1.81747,-1.95132,-1.95395
79,-1.10047,-9.04379,-8.3085,-8.58603,-7.9542,-8.06027,-6.98453,-7.92601,-7.48671,-7.75899,-8.33497,-8.71237,-8.97294,-9.28939,-9.74458,-9.82608,-10.4544,-10.467,-10.4964,-10.3476,-10.0502,-9.57603,-9.2233,-8.04613,-7.40991,-6.99096,-6.66245,-6.048,-5.72949,-5.6136,-5.083,-5.17448,-5.0301,-4.82705,-4.50048,-4.60244,-4.55764,-4.29528,-4.22113,-3.87632,-3.89634,-3.7183,-3.61439,-3.2274,-2.99246,-2.89467,-2.47961,-2.46389,-2.30122,-2.23191,-2.18675,-2.34135,-2.05562,-2.13449,-2.11762,-1.80671,-1.80381,-1.584,-1.7437,-1.87123,-1.93684,-1.79948,-1.87719
80,-6.46026,-9.49992,-8.31351,-10.6135,-8.53798,-8.35254,-8.47656,-8.65186,-8.3446,-8.72332,-9.23159,-9.08114,-9.32587,-9.62926,-9.90773,-10.1976,-10.5218,-10.4327,-10.7844,-10.4644,-10.2665,-9.73571,-9.16186,-8.91566,-7.70214,-7.35551,-7.15165,-6.41805,-5.90951,-5.61945,-5.29253,-5.35866,-5.07661,-4.92609,-4.44794,-4.89086,-4.72455,-4.49313,-4.49353,-4.18106,-4.08209,-3.69698,-3.30193,-3.27221,-3.13687,-2.94177,-2.70876,-2.53351,-2.35377,-2.43569,-2.06747,-1.93471,-2.08639,-1.94048,-1.93757,-1.88978,-1.79878,-1.83773,-1.71011,-1.97311,-1.89579,-1.70316,-1.97765
81,-3.45505,-7.31515,-9.21122,-10.9568,-10.1323,-10.0705,-9.71342,-9.3877,-9.42087,-9.74822,-9.19857,-9.68184,-9.76378,-9.97123,-10.3454,-10.4004,-10.6754,-10.5266,-10.4563,-10.4131,-10.2309,-9.93058,-9.48775,-8.73448,-8.05629,-7.63172,-6.87397,-6.66442,-6.32703,-5.93539,-5.52125,-5.52204,-5.28288,-5.15416,-4.93015,-4.78443,-4.48935,-4.56133,-4.31204,-4.14074,-3.83104,-3.84316,-3.56831,-3.41658,-2.89717,-2.92575,-2.79059,-2.57294,-2.52595,-2.18881,-1.98133,-2.18688,-2.17522,-2.02316,-1.86937,-1.91517,-1.99149,-1.81277,-1.74504,-1.69672,-2.00576,-1.9329,-1.69401
82,-6.80001,-7.46483,-13.4415,-10.8574,-11.0532,-11.057,-11.385,-10.8694,-10.6232,-10.3471,-9.80427,-9.96624,-10.6424,-10.5472,-10.8889,-10.6887,-10.7688,-10.6777,-10.5776,-10.4925,-10.4512,-9.94372,-9.33583,-9.10101,-8.5166,-7.71534,-7.42525,-6.63903,-6.62659,-6.13421,-5.96071,-5.52275,-5.34922,-5.45399,-5.16215,-5.0461,-4.82916,-4.82488,-4.36159,-4.34847,-3.89557,-3.52752,-3.45984,-3.25302,-3.35675,-2.78996,-2.7159,-2.54649,-2.39953,-2.29523,-2.02018,-2.15794,-2.15896,-1.93129,-1.97727,-2.08276,-1.92717,-2.05091,-1.73986,-2.06542,-2.03161,-1.79114,-1.85648
83,-4.40574,-13.1239,-12.7838,-13.1053,-12.8249,-12.0937,-11.77,-11.5132,-11.2556,-11.4206,-11.3263,-10.9938,-11.1334,-11.0511,-11.1351,-11.3209,-11.1537,-11.2024,-11.3167,-10.9428,-10.8539,-10.3509,-9.99342,-9.49927,-8.53633,-8.31815,-7.71161,-7.46709,-6.86652,-6.66291,-6.43322,-6.08773,-5.92541,-5.8603,-5.39476,-5.0236,-4.94754,-4.8362,-4.46467,-4.42079,-4.09021,-3.89433,-3.41813,-3.48861,-3.14597,-2.88448,-2.76712,-2.43546,-2.46329,-2.19768,-2.275,-2.07215,-2.03208,-2.00536,-1.9877,-2.20458,-1.97688,-1.90127,-1.81163,-1.73203,-2.07992,-1.7303,-1.97412
84,-11.3784,-16.1712,-14.0361,-15.0349,-13.178,-14.0014,-13.4558,-12.7168,-12.1704,-12.5663,-11.8916,-11.5655,-11.4538,-11.5424,-11.3726,-11.303,-11.2672,-11.3828,-11.2722,-11.1818,-10.9157,-10.5405,-10.3788,-9.41426,-9.07789,-8.67212,-8.03694,-7.69612,-7.13097,-6.98756,-6.70458,-6.43191,-6.01063,-5.98432,-5.75276,-5.21507,-5.01714,-4.74848,-4.32183,-4.39585,-4.1475,-3.82784,-3.75104,-3.52278,-3.20814,-2.84228,-2.84909,-2.68192,-2.28752,-2.38655,-2.35222,-1.99903,-2.18566,-1.9416,-2.09158,-2.04346,-1.89892,-2.03853,-1.90825,-2.02396,-1.88687,-2.0337,-1.73122
85,-12.5454,-19.2987,-15.7211,-16.2798,-15.6378,-13.9719,-14.0213,-13.5418,-13.9225,-13.1097,-12.8005,-12.3133,-11.9285,-11.7095,-11.5396,-11.484,-11.3942,-11.3427,-11.4803,-11.1603,-10.9936,-10.6455,-10.2634,-9.80141,-9.32814,-8.75246,-8.39345,-7.9482,-7.48693,-7.18439,-6.92013,-6.6766,-6.14103,-6.15679,-5.70437,-5.47367,-5.27415,-4.61408,-4.69428,-4.46454,-4.2139,-3.86331,-3.51001,-3.18229,-3.19809,-3.10983,-2.74683,-2.53297,-2.39298,-2.31509,-2.21776,-2.19736,-1.96828,-2.06899,-2.05367,-1.87964,-1.70967,-1.81818,-1.83006,-1.81502,-1.75124,-1.73571,-1.88249
86,-16.3393,-20.0919,-16.6175,-17.1306,-16.1886,-16.2477,-15.2658,-14.8384,-14.608,-13.3265,-13.2533,-12.9952,-12.3982,-12.4809,-11.9516,-11.8248,-11.7912,-11.6275,-11.2767,-11.5499,-11.118,-10.788,-10.58,-10.0459,-9.55501,-9.16683,-8.73962,-8.016,-7.85489,-7.60113,-7.19148,-6.96829,-6.3735,-6.21953,-5.78831,-5.74014,-5.2343,-5.07858,-4.63541,-4.35407,-4.13169,-3.98691,-3.50416,-3.30206,-3.14068,-2.94453,-2.71759,-2.42113,-2.39192,-2.45589,-2.23744,-2.10805,-2.12923,-2.11371,-1.94983,-1.87375,-1.90099,-1.97152,-1.84219,-1.80177,-1.73736,-1.91935,-1.68374
87,-10.8574,-21.9969,-19.1924,-17.2432,-16.9184,-16.8562,-16.0965,-15.8697,-15.4356,-14.5883,-13.7386,-13.0643,-12.6688,-12.3323,-12.3359,-12.1623,-11.8177,-11.7734,-11.7117,-11.1269,-10.7068,-10.8551,-10.4319,-10.075,-9.7245,-9.26153,-8.57966,-8.41732,-8.11164,-7.51706,-7.47581,-7.00651,-6.87677,-6.54908,-6.12837,-5.75972,-5.30987,-5.09802,-4.59871,-4.59463,-4.27747,-3.82882,-3.67109,-3.3029,-3.24178,-3.03824,-2.58362,-2.57467,-2.38731,-2.53383,-2.34075,-2.18013,-2.04023,-2.12592,-1.9959,-1.93813,-1.82076,-1.77688,-1.75348,-1.80465,-1.93362,-1.80121,-1.77119
88,-27.3779,-18.7531,-19.7256,-18.8087,-18.9967,-17.9712,-17.8952,-16.5155,-15.6946,-14.5386,-14.4054,-13.1149,-12.8291,-12.6843,-12.1081,-11.9858,-12.1068,-12.1568,-11.7838,-11.3843,-11.2533,-10.8445,-10.825,-9.92545,-9.95612,-9.6822,-9.14242,-8.81955,-8.50247,-7.92086,-7.68879,-7.18307,-6.8673,-6.58424,-6.24781,-5.96253,-5.37476,-5.27381,-4.75513,-4.5223,-4.16443,-3.87536,-3.37695,-3.38641,-3.23286,-3.02086,-2.6779,-2.50493,-2.62903,-2.49143,-1.95493,-2.1207,-2.05244,-2.01776,-1.97712,-1.90489,-1.79498,-1.7966,-1.89736,-1.91142,-1.76709,-1.85765,-1.79659
89,-16.5921,-25.9182,-19.3297,-18.1512,-19.3343,-18.5565,-17.995,-16.8548,-16.4954,-15.3158,-14.4818,-13.8046,-13.1767,-12.6856,-12.9725,-12.0529,-11.7072,-11.8517,-11.7063,-11.2598,-11.4963,-10.9509,-10.6003,-10.2025,-9.97908,-9.62004,-9.0432,-8.8106,-8.32336,-8.07706,-7.65622,-7.46054,-6.87837,-6.8023,-6.41418,-5.96554,-5.65456,-5.13664,-4.9772,-4.5744,-4.21218,-3.89045,-3.58842,-3.51909,-3.39243,-3.0896,-2.58308,-2.45976,-2.42135,-2.28669,-2.17582,-2.23272,-2.24478,-2.10438,-2.21015,-2.07931,-1.84108,-2.07496,-1.65854,-1.95894,-1.69617,-1.7102,-1.84607
90,-34.2846,-25.8405,-22.0624,-19.6217,-20.061,-18.3418,-17.5807,-17.2247,-16.3682,-15.5453,-14.4903,-14.2463,-13.6183,-12.8923,-12.4973,-12.0747,-11.8375,-11.789,-11.6781,-11.0926,-11.135,-10.6738,-10.5564,-10.3391,-10.0918,-9.65594,-9.59546,-8.96744,-8.75113,-8.20788,-7.79196,-7.23299,-7.16901,-6.75141,-6.21937,-5.96993,-5.74478,-5.28644,-4.97263,-4.52055,-4.16431,-4.04064,-3.86683,-3.32276,-3.24574,-3.1229,-2.85754,-2.51879,-2.51705,-2.44625,-2.30871,-2.25288,-2.10609,-2.11413,-1.86612,-2.13416,-1.95507,-1.85043,-2.02619,-1.6527,-1.86147,-1.8958,-1.85957
91,-27.0799,-23.3444,-24.0932,-20.4167,-19.797,-18.9324,-19.0532,-16.837,-16.7982,-16.1448,-14.6341,-14.2089,-13.4933,-13.0303,-12.6853,-12.0207,-12.2031,-11.3497,-11.5743,-11.3142,-11.1931,-11.0983,-10.5866,-10.3423,-10.0536,-9.66307,-9.12337,-8.97691,-8.90799,-8.23524,-7.79813,-7.39648,-7.5373,-6.87122,-6.49781,-6.01991,-5.72463,-5.19114,-4.71972,-4.62464,-4.38045,-4.02277,-3.71151,-3.54766,-3.32851,-2.8694,-2.58184,-2.61665,-2.4269,-2.28787,-2.26482,-2.06183,-2.13797,-2.17027,-1.97961,-2.07491,-2.13286,-1.86687,-1.8568,-1.7288,-1.79648,-1.67512,-1.91447
92,-50.9402,-33.0178,-24.3332,-21.13,-21.364,-19.3525,-19.1509,-18.1257,-17.1621,-16.6584,-14.8195,-14.6059,-13.6312,-13.072,-12.7729,-11.9581,-12.0872,-11.7517,-11.6136,-11.6203,-11.3838,-10.8072,-10.5112,-10.384,-9.99015,-9.75048,-9.17422,-9.02083,-8.71253,-8.4418,-7.78702,-7.58711,-7.27643,-6.81483,-6.51834,-6.05849,-5.5754,-5.29387,-5.00734,-4.89507,-4.40792,-3.96567,-3.67892,-3.46114,-3.22653,-3.0754,-2.98806,-2.59233,-2.39745,-2.20584,-2.17826,-2.06151,-2.1988,-2.0096,-2.12254,-1.8281,-1.76761,-1.77023,-1.79087,-1.80853,-1.70032,-1.73169,-1.75267
93,-26.1986,-30.474,-22.7992,-22.0218,-21.6669,-20.0808,-19.3643,-17.5518,-16.8201,-15.4749,-15.3596,-14.5463,-13.6832,-13.2461,-12.7328,-11.8941,-11.9533,-11.7693,-11.4848,-11.5005,-11.1569,-11.0515,-10.4338,-10.2508,-10.0515,-9.94748,-9.60332,-9.20374,-9.07268,-8.50804,-8.12353,-7.84558,-7.39949,-6.89392,-6.50178,-6.13393,-5.69425,-5.28068,-5.14047,-4.84657,-4.17489,-3.87223,-3.62346,-3.31092,-3.08623,-3.0987,-2.90918,-2.57669,-2.34725,-2.45415,-2.21874,-2.19661,-2.03804,-2.18909,-2.05412,-1.90389,-1.91934,-1.82441,-1.83248,-1.86616,-1.64988,-1.60358,-1.64586
94,-66.5941,-30.9205,-25.1689,-22.3088,-21.2278,-20.6368,-18.786,-18.0783,-17.3559,-16.0126,-15.2778,-14.117,-13.8341,-13.105,-12.785,-12.1803,-11.9498,-11.3835,-11.4053,-11.4607,-11.2867,-11,-10.6505,-10.2988,-9.91127,-9.76866,-9.54564,-9.42737,-8.71762,-8.15299,-8.20143,-7.74572,-7.63912,-7.22673,-6.51486,-6.26825,-5.96215,-5.49245,-5.24732,-4.83218,-4.23095,-4.09815,-3.70883,-3.37136,-3.13878,-3.0945,-2.73353,-2.70403,-2.41952,-1.98062,-2.21984,-2.13669,-2.16899,-2.11331,-1.93291,-1.77944,-1.74873,-1.89549,-1.83054,-1.79518,-1.79428,-1.71507,-1.89469
95,-90.7586,-27.3113,-24.796,-24.9213,-21.5201,-20.3729,-19.2646,-17.9845,-16.4126,-16.4923,-15.7636,-14.6611,-13.5234,-13.0065,-12.5062,-12.174,-11.6847,-11.6666,-11.6296,-11.4143,-11.0524,-10.5647,-10.5311,-10.5015,-10.2683,-9.89549,-9.59864,-9.05964,-8.70626,-8.40046,-8.14626,-7.84499,-7.43419,-7.11301,-6.54996,-6.33171,-5.88546,-5.55599,-5.19646,-4.88631,-4.43125,-4.03415,-3.7704,-3.41009,-3.15073,-3.02543,-2.82523,-2.81127,-2.45936,-2.26986,-2.20794,-2.33276,-1.99496,-2.04173,-1.91664,-1.86996,-1.94696,-1.79331,-1.90571,-1.85377,-2.0088,-1.53864,-1.88871
96,-199.051,-31.4913,-26.3234,-23.1143,-22.6216,-20.4405,-18.9966,-18.5608,-17.3392,-16.3133,-15.021,-14.2064,-13.8296,-13.2346,-12.614,-12.5569,-12.2716,-11.6592,-11.0071,-11.4004,-11.2815,-11.0565,-10.4943,-10.2283,-10.3588,-9.65079,-9.6686,-9.29123,-8.67209,-8.51181,-8.12246,-7.70104,-7.57169,-7.07287,-6.56029,-6.47153,-6.18897,-5.49101,-5.01419,-4.65698,-4.32359,-4.15294,-3.8363,-3.62655,-3.22575,-3.15932,-2.81789,-2.77859,-2.48947,-2.40448,-2.10217,-2.09101,-2.03331,-1.88379,-1.83056,-1.97964,-2.07758,-1.91997,-1.96353,-1.92475,-1.77556,-2.01134,-1.75797
97,-447.766,-34.3052,-26.781,-23.1016,-22.2457,-20.4711,-19.4731,-19.2393,-17.9704,-16.5977,-15.2614,-14.6035,-13.4757,-13.4102,-12.8054,-11.9599,-11.7339,-11.2998,-11.6256,-11.0192,-10.9625,-11.0356,-10.3112,-10.4791,-9.98452,-9.71458,-9.55557,-9.19901,-9.05592,-8.47159,-8.1893,-7.91586,-7.48403,-6.96349,-6.84328,-6.29436,-6.07776,-5.47857,-5.09241,-4.80936,-4.37689,-3.88115,-3.72837,-3.59116,-3.27111,-2.93781,-2.92135,-2.63841,-2.41481,-2.34185,-2.19069,-2.14855,-2.03009,-1.93435,-1.90097,-1.83182,-1.91222,-2.00038,-1.72269,-1.77627,-1.78429,-1.70076,-1.60461
98,-391.447,-32.5127,-27.5568,-23.1657,-21.7501,-21.5284,-19.1213,-18.3687,-16.866,-16.4006,-15.2959,-14.4355,-13.3536,-13.5852,-12.6779,-12.0122,-11.7214,-11.859,-11.6675,-11.4638,-10.9649,-11.1159,-10.7441,-10.5082,-10.2645,-10.0252,-9.73373,-9.215,-8.82591,-8.46461,-8.31901,-7.82158,-7.33484,-7.23307,-6.87385,-6.32635,-5.91595,-5.3661,-5.23593,-4.8765,-4.43617,-4.04249,-3.90885,-3.46753,-3.31832,-3.03091,-2.5662,-2.58457,-2.39061,-2.1533,-2.12755,-2.23708,-2.15464,-1.98664,-2.02604,-1.94535,-1.83499,-1.77983,-1.77404,-1.89387,-1.73567,-1.63119,-1.78517
99,436.827,-34.2465,-28.5472,-22.5276,-22.4309,-21.8492,-19.6451,-18.2517,-17.4841,-16.4315,-15.6245,-14.4262,-13.5293,-12.9957,-12.6765,-12.2251,-11.8544,-11.6027,-11.4403,-11.25,-11.1809,-10.9023,-10.7458,-10.4446,-10.1718,-9.84205,-9.53475,-9.49221,-8.94265,-8.59076,-8.18988,-8.09002,-7.3757,-7.1683,-6.83093,-6.44064,-6.02821,-5.7467,-5.19874,-4.77851,-4.47243,-4.09969,-3.78688,-3.48232,-3.24379,-2.88273,-2.56992,-2.48618,-2.41553,-2.41781,-2.22673,-2.07259,-2.18732,-2.06087,-1.96089,-1.89998,-1.91712,-1.85001,-1.75,-1.76933,-1.72855,-1.68323,-1.6281
100,278.108,-36.7478,-26.5619,-24.5729,-21.927,-20.9326,-19.3561,-18.5379,-17.8415,-16.5021,-15.3678,-14.4625,-13.9061,-13.254,-12.4443,-12.111,-11.9253,-11.2914,-11.353,-11.3227,-11.1273,-10.5644,-10.528,-10.1367,-10.1652,-9.70087,-9.71903,-9.42019,-8.69723,-8.74171,-8.30221,-7.94789,-7.34472,-7.50772,-6.8372,-6.27748,-5.95351,-5.66389,-5.08563,-4.87918,-4.41092,-4.23336,-3.79781,-3.61941,-3.41037,-3.14456,-2.80244,-2.91913,-2.50739,-2.3504,-2.29569,-2.14227,-2.18135,-1.81559,-1.87975,-1.84583,-1.84675,-1.89928,-1.67766,-1.60844,-1.87298,-1.71343,-1.7103
101,-17.0647,-13.508,-20.2246,-18.3719,-18.4763,-19.3624,-18.6237,-17.636,-16.8378,-15.8041,-14.8803,-14.5013,-13.735,-12.9465,-12.2369,-11.9413,-11.8009,-11.6745,-11.3178,-11.1498,-11.0029,-10.6475,-10.6017,-10.434,-10.176,-9.7352,-9.60931,-9.26153,-8.87347,-8.54291,-8.35196,-7.91754,-7.35063,-7.30119,-6.78605,-6.16222,-5.87559,-5.47075,-5.18459,-4.94234,-4.47713,-4.33521,-4.00319,-3.50267,-3.10208,-2.86822,-2.97987,-2.58429,-2.47137,-2.35268,-2.23454,-2.10235,-2.16078,-1.95384,-1.87328,-1.9411,-1.92469,-1.55994,-1.78062,-1.79921,-1.49954,-1.78374,-1.60983
102,-6.37851,-7.89116,-10.9266,-11.9306,-14.4302,-13.4941,-15.3973,-15.1312,-15.4202,-14.7055,-14.0186,-13.2784,-12.7137,-12.2248,-12.1,-11.6936,-11.0844,-11.0597,-10.747,-10.5164,-10.7102,-10.3378,-10.355,-9.96547,-9.98983,-9.3368,-9.13874,-8.65795,-9.07177,-8.40127,-8.02423,-7.79637,-7.60656,-6.8155,-6.65268,-6.23116,-5.95917,-5.51343,-5.46469,-4.8661,-4.26684,-3.91104,-3.69751,-3.43461,-3.40416,-2.99724,-2.82167,-2.69817,-2.35962,-2.34603,-2.4035,-2.19378,-1.86028,-2.02658,-1.81227,-1.93695,-1.71569,-1.79742,-1.77012,-1.74415,-1.77738,-1.84465,-1.87861
103,-5.29554,-4.81184,-4.7353,-6.27743,-7.50557,-8.30494,-9.57576,-10.6457,-11.158,-11.6646,-11.2677,-10.7832,-10.7951,-10.38,-10.2131,-10.0198,-10.1552,-9.90725,-9.74269,-9.67822,-9.70753,-9.61837,-9.47762,-9.33015,-9.13875,-8.86001,-8.60363,-8.42824,-8.30286,-7.95139,-7.85041,-7.26326,-7.00462,-6.55418,-6.52277,-6.01813,-5.50137,-5.18914,-4.9517,-4.70573,-4.4578,-4.02135,-3.64097,-3.47726,-3.14356,-2.90675,-2.58955,-2.42673,-2.34034,-2.44872,-2.39203,-2.11976,-1.99765,-1.96483,-1.96103,-1.72542,-1.77405,-1.68436,-1.4953,-1.63884,-1.83419,-1.68428,-1.55148
104,-5.62602,-5.35526,-5.786,-5.33724,-5.55983,-6.15635,-7.09766,-7.53884,-7.24513,-8.18543,-8.2073,-8.15167,-8.10827,-7.98686,-7.7617,-7.9279,-7.85003,-7.44208,-7.6415,-7.76934,-7.57924,-7.75064,-7.43502,-7.67774,-7.64741,-7.45783,-7.08365,-6.94599,-6.92813,-6.77559,-6.51195,-6.61197,-6.38583,-5.83203,-5.76112,-5.48137,-4.93959,-4.88945,-4.44163,-4.23388,-4.08216,-3.57126,-3.43819,-3.33325,-3.12488,-2.72938,-2.65875,-2.31752,-2.4284,-2.12056,-2.01858,-2.00231,-2.10555,-1.84959,-1.85485,-1.88808,-2.005,-1.86062,-1.83178,-1.83123,-1.69023,-1.78589,-1.7657
